{"_wandb":{"runtime":20},"_runtime":20,"_step":10,"epoch":0,"loss":2.649036169052124,"_timestamp":1.7627733272075346e+09}